{
    "data": [
        {
            "X": 540822.5099098679,
            "Y": 3370941.6175973215
        },
        {
            "X": 435356.1393566662,
            "Y": 3736010.3039106647
        },
        {
            "X": 634151.4298424897,
            "Y": 3347134.9612989007
        }
    ]
}